Time (msec),* Lambda Integrator - Bank 1 (%),* Lambda Integrator - Bank 2 (%),** Lambda Multiplicative Adaptation - Bank 2 (%),** Lambda Multiplicative Adaptation - Bank 1 (%),** Lambda Additive Adaptation - Bank 2 (ms),** Lambda Additive Adaptation - Bank 1 (ms),* Battery voltage (V),* Coolant Temperature (°C),* Engine Load (mg/stroke),* Electric fan (%),* Engine Speed (RPM),* Fuel Injector Pulse Width (ms),* Intake Air Temperature (°C),* Oil Temperature (°C),* Vehicle Speed (km/h)
0,16.67,17.48,0.00,0.00,0.00,0.00,13.5,103.5,83.15,0,718,2.800,54.8,107.2,0
159,16.67,17.62,0.00,0.00,0.00,0.00,13.5,103.5,83.04,0,719,2.800,54.8,107.2,0
320,16.67,17.69,0.00,0.00,0.00,0.00,13.6,103.5,83.15,0,718,2.800,54.8,107.2,0
521,16.67,17.69,0.00,0.00,0.00,0.00,13.5,103.5,83.04,0,719,2.800,54.8,107.2,0
720,16.67,17.69,0.00,0.00,0.00,0.00,13.5,102.8,82.92,0,720,2.804,54.8,107.2,0
881,16.67,17.69,0.00,0.00,0.00,0.00,13.6,102.8,84.97,0,719,2.808,54.8,107.2,0
1080,16.67,17.69,0.00,0.00,0.00,0.00,13.5,102.8,82.81,0,721,2.804,54.8,107.2,0
1281,15.17,17.69,0.00,0.00,0.00,0.00,13.5,102.8,82.92,0,720,2.772,54.8,107.2,0
1481,14.99,16.26,0.00,0.00,0.00,0.00,13.5,102.8,85.69,0,713,2.788,54.8,107.2,0
1680,14.81,16.08,0.00,0.00,0.00,0.00,13.5,102.8,89.08,0,717,2.812,54.8,107.2,0
1840,14.66,15.93,0.00,0.00,0.00,0.00,13.5,102.8,91.67,0,712,2.864,54.8,107.2,0
2001,14.51,15.79,0.00,0.00,0.00,0.00,13.1,102.8,95.69,0,711,2.932,54.8,107.2,0
2160,15.95,15.64,0.00,0.00,0.00,0.00,13.1,102.8,97.52,0,712,3.036,54.8,107.2,0
2321,16.09,15.49,0.00,0.00,0.00,0.00,13.2,102.8,98.77,0,717,3.120,54.8,107.2,0
2480,16.27,17.03,0.00,0.00,0.00,0.00,13.4,102.8,104.62,0,730,3.620,54.8,107.2,0
2641,16.52,17.30,0.00,0.00,0.00,0.00,13.4,102.8,336.33,0,768,5.688,54.8,107.2,0
2842,16.52,17.38,0.00,0.00,0.00,0.00,13.5,102.8,256.87,0,1038,8.092,54.8,107.2,0
3000,16.52,17.38,0.00,0.00,0.00,0.00,13.4,102.8,173.08,0,1372,7.164,55.5,107.2,0
3161,16.52,17.38,0.00,0.00,0.00,0.00,13.4,102.8,155.15,0,1602,6.632,55.5,107.2,0
3321,16.52,17.38,0.00,0.00,0.00,0.00,13.5,102.8,156.13,0,1672,6.092,55.5,107.2,0
3480,14.14,15.00,0.00,0.00,0.00,0.00,13.4,102.8,160.56,0,1652,5.660,55.5,107.2,0
3641,13.12,13.98,0.00,0.00,0.00,0.00,13.4,102.8,163.52,0,1622,5.496,55.5,107.2,0
3840,11.84,12.70,0.00,0.00,0.00,0.00,13.4,102.8,169.20,0,1584,5.464,55.5,107.2,0
4001,10.88,11.75,0.00,0.00,0.00,0.00,13.4,102.8,170.47,0,1564,5.452,55.5,107.2,0
4160,9.93,10.79,0.00,0.00,0.00,0.00,13.5,102.8,170.75,0,1537,5.464,55.5,107.2,0
4321,8.98,9.84,0.00,0.00,0.00,0.00,13.4,102.8,173.00,0,1501,5.448,55.5,107.2,0
4480,8.03,8.89,0.00,0.00,0.00,0.00,13.5,102.8,176.34,0,1449,5.496,55.5,107.2,0
4680,6.87,7.73,0.00,0.00,0.00,0.00,13.4,102.8,169.29,0,1378,5.324,55.5,107.2,2
4840,6.04,6.90,0.00,0.00,0.00,0.00,13.3,102.8,159.20,0,1317,5.136,55.5,107.2,2
5001,5.26,6.12,0.00,0.00,0.00,0.00,13.4,102.8,143.84,0,1226,4.864,55.5,107.2,2
5160,4.60,5.46,0.00,0.00,0.00,0.00,13.3,102.8,109.19,0,1119,4.472,55.5,107.2,2
5320,4.10,4.96,0.00,0.00,0.00,0.00,13.0,102.8,76.41,0,963,3.676,55.5,107.2,2
5480,3.73,4.59,0.00,0.00,0.00,0.00,12.6,102.8,103.94,0,855,3.492,55.5,107.2,2
5681,3.27,4.13,0.00,0.00,0.00,0.00,12.7,102.8,86.60,0,946,3.488,55.5,107.2,5
5842,2.83,3.69,0.00,0.00,0.00,0.00,13.0,102.8,73.78,0,1035,3.264,55.5,107.2,5
6041,2.28,3.14,0.00,0.00,0.00,0.00,13.4,102.8,63.57,0,1114,2.852,55.5,107.2,5
6201,1.83,2.69,0.00,0.00,0.00,0.00,13.4,102.8,61.26,0,1156,2.568,55.5,107.2,5
6401,1.28,2.14,0.00,0.00,0.00,0.00,13.3,102.8,44.54,0,1122,2.112,55.5,107.2,5
6600,0.81,1.67,0.00,0.00,0.00,0.00,13.0,102.8,53.29,0,1016,1.944,55.5,107.2,6
6760,0.48,1.35,0.00,0.00,0.00,0.00,12.7,102.8,84.91,0,883,1.904,55.5,107.2,6
6921,0.20,1.06,0.00,0.00,0.00,0.00,12.7,102.8,99.32,0,783,2.132,55.5,107.2,6
7081,0.15,1.01,0.00,0.00,0.00,0.00,12.6,102.8,104.72,0,716,2.652,55.5,107.2,6
7280,1.92,2.76,0.00,0.00,0.00,0.00,12.7,102.8,95.23,0,729,2.704,55.5,107.2,6
7441,2.14,2.98,0.00,0.00,0.00,0.00,12.7,102.8,94.47,0,735,2.716,55.5,107.2,6
7640,2.41,3.26,0.00,0.00,0.00,0.00,12.7,102.8,92.45,0,736,2.712,55.5,107.2,2
7842,2.69,3.53,0.00,0.00,0.00,0.00,12.8,102.8,112.73,0,739,3.388,55.5,107.2,2
8040,3.05,3.89,0.00,0.00,0.00,0.00,13.0,102.8,374.34,0,805,6.160,55.5,107.2,2
8201,3.64,4.49,0.00,0.00,0.00,0.00,13.6,102.8,362.56,0,1015,8.856,55.5,107.2,2
8400,1.96,2.81,0.00,0.00,0.00,0.00,13.6,102.8,226.25,0,1516,8.100,55.5,107.2,2
8560,0.48,1.33,0.00,0.00,0.00,0.00,13.6,102.8,208.49,0,1785,7.384,56.2,107.2,0
8720,-1.11,-0.26,0.00,0.00,0.00,0.00,13.6,102.8,204.06,0,1919,6.660,56.2,107.2,0
8881,-2.75,-1.90,0.00,0.00,0.00,0.00,13.6,102.8,209.48,0,1929,6.156,56.2,107.2,0
9080,-0.89,-0.43,0.00,0.00,0.00,0.00,13.6,102.8,217.92,0,1797,6.268,56.2,107.2,0
9242,0.50,0.96,0.00,0.00,0.00,0.00,13.6,102.8,223.05,0,1681,6.512,56.2,107.2,0
9440,2.18,2.65,0.00,0.00,0.00,0.00,13.6,102.8,229.40,0,1586,6.824,56.2,107.2,0
9601,3.50,3.96,0.00,0.00,0.00,0.00,13.6,102.8,229.81,0,1547,7.044,56.2,107.2,2
9761,4.82,5.28,0.00,0.00,0.00,0.00,13.6,102.8,230.82,0,1522,7.216,56.2,107.2,2
9922,6.08,6.54,0.00,0.00,0.00,0.00,13.6,102.8,228.98,0,1510,7.332,56.2,107.2,2
10120,7.64,8.10,0.00,0.00,0.00,0.00,13.6,102.8,231.59,0,1511,7.476,56.2,107.2,2
10280,5.46,8.41,0.00,0.00,0.00,0.00,13.6,102.8,228.70,0,1518,7.304,56.2,107.2,2
10480,3.84,6.14,0.00,0.00,0.00,0.00,13.6,102.8,226.88,0,1524,7.128,56.2,107.2,2
10640,5.57,4.88,0.00,0.00,0.00,0.00,13.6,102.8,229.61,0,1524,7.272,56.2,107.2,9
10800,6.91,7.44,0.00,0.00,0.00,0.00,13.6,102.8,211.67,0,1673,7.268,56.2,107.2,9
10960,7.81,8.71,0.00,0.00,0.00,0.00,13.6,102.8,205.25,0,1759,6.984,56.2,107.2,9
11121,5.45,6.35,0.00,0.00,0.00,0.00,13.6,102.0,205.23,0,1827,6.728,56.2,107.2,9
11280,3.89,4.80,0.00,0.00,0.00,0.00,13.6,102.0,204.59,0,1948,6.468,56.2,107.2,9
11440,4.93,3.13,0.00,0.00,0.00,0.00,13.6,102.0,208.81,0,2015,6.436,56.2,107.2,9
11601,6.65,6.08,0.00,0.00,0.00,0.00,13.6,102.8,200.99,0,2121,6.628,56.2,107.2,15
11800,8.19,8.05,0.00,0.00,0.00,0.00,13.6,102.8,185.56,0,2215,6.324,56.2,107.2,15
11960,5.61,5.58,0.00,0.00,0.00,0.00,13.6,102.8,176.09,0,2287,5.876,56.2,107.2,15
12120,3.89,3.87,0.00,0.00,0.00,0.00,13.6,102.0,107.67,0,2360,4.800,56.2,107.2,15
12322,2.14,2.12,0.00,0.00,0.00,0.00,13.6,102.0,59.67,0,2327,2.600,56.2,107.2,15
12520,0.00,0.00,0.00,0.00,0.00,0.00,13.6,102.0,55.90,0,2161,1.948,55.5,107.2,20
12681,0.00,0.00,0.00,0.00,0.00,0.00,13.6,102.0,53.59,0,1943,1.764,55.5,107.2,20
12881,0.00,0.00,0.00,0.00,0.00,0.00,13.5,102.0,47.93,0,1680,1.568,55.5,107.2,20
13080,2.00,1.96,0.00,0.00,0.00,0.00,13.5,102.0,65.39,0,1444,1.652,54.8,107.2,20
13240,2.51,2.48,0.00,0.00,0.00,0.00,13.4,102.0,93.96,0,1330,1.880,54.8,107.2,20
13401,3.00,2.97,0.00,0.00,0.00,0.00,13.3,102.0,107.37,0,1332,2.828,54.8,107.2,20
13601,3.67,3.63,0.00,0.00,0.00,0.00,13.4,102.0,122.18,0,1341,3.108,54.8,107.2,20
13761,4.23,4.20,0.00,0.00,0.00,0.00,13.4,102.0,124.41,0,1306,3.488,54.8,107.2,20
13922,4.30,4.78,0.00,0.00,0.00,0.00,13.5,102.0,127.86,0,1314,3.612,54.8,107.2,20
14121,4.30,5.00,0.00,0.00,0.00,0.00,13.4,102.0,125.57,0,1316,3.712,54.8,107.2,20
14321,4.30,5.00,0.00,0.00,0.00,0.00,13.5,102.0,120.00,0,1296,3.676,54.8,107.2,20
14522,4.30,5.00,0.00,0.00,0.00,0.00,13.5,102.0,97.58,0,1295,3.472,54.8,107.2,19
14720,4.30,5.00,0.00,0.00,0.00,0.00,13.5,102.0,83.93,0,1307,3.048,54.8,107.2,19
14880,1.68,5.00,0.00,0.00,0.00,0.00,13.5,102.0,70.12,0,1287,2.664,54.8,107.2,19
15041,1.20,2.61,0.00,0.00,0.00,0.00,13.5,102.0,56.41,0,1280,2.148,54.8,107.2,19
15201,0.76,2.17,0.00,0.00,0.00,0.00,13.5,102.0,55.75,0,1245,1.936,54.8,107.2,19
15400,2.69,3.77,0.00,0.00,0.00,0.00,13.6,102.0,55.90,0,1242,1.868,54.8,107.2,19
15601,3.24,4.31,0.00,0.00,0.00,0.00,13.5,102.0,59.57,0,1189,1.888,54.8,107.2,19
15761,3.68,4.75,0.00,0.00,0.00,0.00,13.6,102.0,60.56,0,1192,1.840,54.8,107.2,19
15960,4.22,5.30,0.00,0.00,0.00,0.00,13.6,102.0,62.96,0,1147,1.892,54.8,107.2,19
16121,4.66,5.74,0.00,0.00,0.00,0.00,13.5,102.0,64.23,0,1124,1.900,54.8,107.2,19
16281,5.05,6.13,0.00,0.00,0.00,0.00,13.5,102.0,63.17,0,1099,1.936,54.8,107.2,19
16480,5.51,6.59,0.00,0.00,0.00,0.00,13.6,102.0,65.18,0,1065,1.968,54.8,107.2,19
16640,5.88,6.96,0.00,0.00,0.00,0.00,13.5,102.0,66.81,0,1039,1.976,54.8,107.2,17
16800,6.24,7.32,0.00,0.00,0.00,0.00,13.5,102.0,67.87,0,1023,2.012,54.8,107.2,17
17001,6.70,7.78,0.00,0.00,0.00,0.00,13.5,102.0,69.84,0,994,2.044,54.8,107.2,17
17160,7.07,8.15,0.00,0.00,0.00,0.00,13.5,102.0,71.20,0,975,2.040,54.8,107.2,17
17320,7.43,8.51,0.00,0.00,0.00,0.00,13.6,102.0,72.24,0,961,2.096,54.8,107.2,17
17482,7.78,8.86,0.00,0.00,0.00,0.00,13.5,102.0,73.85,0,940,2.112,54.8,107.2,17
17680,8.15,9.23,0.00,0.00,0.00,0.00,13.5,102.0,74.10,0,937,2.196,54.8,107.2,15
17882,8.51,9.59,0.00,0.00,0.00,0.00,13.5,102.0,75.97,0,914,2.216,54.8,107.2,15
18082,8.88,9.96,0.00,0.00,0.00,0.00,13.5,102.0,75.71,0,917,2.268,55.5,107.2,15
18280,9.25,10.32,0.00,0.00,0.00,0.00,13.5,102.0,76.45,0,908,2.320,55.5,107.2,15
18441,9.54,10.62,0.00,0.00,0.00,0.00,13.6,102.0,75.97,0,914,2.332,55.5,107.2,15
18642,9.91,10.98,0.00,0.00,0.00,0.00,13.5,102.0,77.13,0,900,2.380,55.5,107.2,14
18840,10.27,11.35,0.00,0.00,0.00,0.00,13.6,102.0,77.56,0,913,2.388,55.5,107.2,14
19000,10.56,11.64,0.00,0.00,0.00,0.00,13.4,102.0,76.28,0,910,2.396,55.5,107.2,14
19162,10.86,11.94,0.00,0.00,0.00,0.00,13.4,102.0,75.52,0,901,2.352,55.5,107.2,14
19362,11.22,12.30,0.00,0.00,0.00,0.00,13.5,102.0,74.14,0,899,2.360,55.5,107.2,14
19561,11.59,12.67,0.00,0.00,0.00,0.00,13.4,102.0,80.61,0,844,2.340,55.5,107.2,13
19721,11.88,12.96,0.00,0.00,0.00,0.00,13.4,102.8,82.28,0,827,2.380,55.5,107.2,13
19920,12.23,13.31,0.00,0.00,0.00,0.00,13.3,102.8,88.13,0,772,2.548,55.5,107.2,13
20080,12.45,13.52,0.00,0.00,0.00,0.00,13.1,102.8,93.70,0,741,2.660,55.5,107.2,13
20241,12.67,13.74,0.00,0.00,0.00,0.00,12.8,102.0,96.03,0,723,2.760,55.5,107.2,13
20401,12.89,13.96,0.00,0.00,0.00,0.00,12.7,102.0,96.16,0,722,2.880,55.5,107.2,13
20561,13.11,14.18,0.00,0.00,0.00,0.00,12.8,102.0,95.23,0,729,2.952,55.5,107.2,11
20720,13.32,14.40,0.00,0.00,0.00,0.00,12.9,102.8,94.34,0,736,3.028,55.5,107.2,11
20882,13.54,14.62,0.00,0.00,0.00,0.00,12.9,102.8,93.45,0,743,3.048,55.5,107.2,11
21080,13.60,14.69,0.00,0.00,0.00,0.00,13.0,102.8,94.80,0,747,3.052,55.5,107.2,11
21241,13.60,14.69,0.00,0.00,0.00,0.00,13.3,102.8,93.19,0,745,3.052,55.5,107.2,11
21402,13.60,14.69,0.00,0.00,0.00,0.00,13.5,102.8,95.31,0,743,3.060,55.5,107.2,11
21601,13.60,14.69,0.00,0.00,0.00,0.00,13.4,102.8,142.42,0,741,3.988,55.5,107.2,8
21800,11.54,14.69,0.00,0.00,0.00,0.00,13.5,102.8,271.30,0,778,5.648,55.5,107.2,8
21960,11.06,12.20,0.00,0.00,0.00,0.00,13.6,102.8,263.69,0,811,6.920,55.5,107.2,8
22121,10.45,11.59,0.00,0.00,0.00,0.00,13.5,102.0,219.02,0,913,7.296,55.5,107.2,8
22280,9.68,10.83,0.00,0.00,0.00,0.00,13.5,102.0,188.57,0,1031,6.840,55.5,107.2,8
22480,8.62,9.76,0.00,0.00,0.00,0.00,13.6,102.0,251.00,0,1112,7.588,55.5,107.2,8
22641,7.65,8.80,0.00,0.00,0.00,0.00,13.6,102.0,265.15,0,1126,8.168,55.5,107.2,8
22841,6.35,7.50,0.00,0.00,0.00,0.00,13.4,102.0,254.30,0,1174,8.104,55.5,107.2,8
23041,4.97,6.11,0.00,0.00,0.00,0.00,13.6,102.0,260.57,0,1247,8.152,56.2,107.2,8
23241,3.48,4.63,0.00,0.00,0.00,0.00,13.5,102.0,256.55,0,1337,8.228,56.2,107.2,8
23441,1.90,3.05,0.00,0.00,0.00,0.00,13.4,102.0,249.53,0,1408,7.992,56.2,107.2,8
23602,0.58,1.73,0.00,0.00,0.00,0.00,13.5,102.0,251.21,0,1393,7.668,56.2,107.2,12
23802,1.19,2.34,0.00,0.00,0.00,0.00,13.6,102.0,266.44,0,1303,7.736,56.2,107.2,12
24002,2.65,3.79,0.00,0.00,0.00,0.00,13.5,102.0,292.53,0,1163,8.420,56.2,107.2,12
24202,4.06,5.20,0.00,0.00,0.00,0.00,13.6,102.0,267.78,0,1229,8.892,56.2,107.2,12
24401,5.61,6.76,0.00,0.00,0.00,0.00,13.5,102.0,265.74,0,1275,8.752,56.2,107.2,12
24560,6.65,7.55,0.00,0.00,0.00,0.00,13.6,102.0,253.22,0,1360,8.576,56.2,107.2,18
24722,6.65,7.55,0.00,0.00,0.00,0.00,13.5,102.0,254.00,0,1405,8.364,56.2,107.2,18
24921,6.65,7.55,0.00,0.00,0.00,0.00,13.5,102.0,255.21,0,1480,8.256,56.2,107.2,18
25121,6.65,7.55,0.00,0.00,0.00,0.00,13.6,102.0,247.69,0,1581,8.208,56.2,107.2,18
25322,6.65,5.35,0.00,0.00,0.00,0.00,13.5,102.0,250.40,0,1647,8.200,56.2,107.2,18
25521,3.00,3.42,0.00,0.00,0.00,0.00,13.5,102.0,248.73,0,1714,7.868,56.2,107.2,23
25682,4.00,4.62,0.00,0.00,0.00,0.00,13.5,101.2,245.66,0,1792,7.908,56.2,107.2,23
25881,6.06,6.68,0.00,0.00,0.00,0.00,13.6,101.2,234.19,0,1856,7.868,56.2,107.2,23
26042,7.51,8.34,0.00,0.00,0.00,0.00,13.5,101.2,205.14,0,1909,6.952,55.5,107.2,23
26242,7.51,8.34,0.00,0.00,0.00,0.00,13.5,101.2,194.06,0,1975,6.576,55.5,107.2,23
26441,7.51,8.34,0.00,0.00,0.00,0.00,13.5,101.2,184.61,0,2031,6.272,55.5,107.2,23
26641,7.51,8.34,0.00,0.00,0.00,0.00,13.5,101.2,177.91,0,2084,6.092,55.5,107.2,28
26801,7.51,8.34,0.00,0.00,0.00,0.00,13.5,101.2,140.49,0,2125,5.416,55.5,107.2,28
26961,4.59,5.24,0.00,0.00,0.00,0.00,13.5,101.2,125.36,0,2149,4.440,55.5,107.2,28
27122,3.35,4.00,0.00,0.00,0.00,0.00,13.5,101.2,46.68,0,2171,2.984,54.8,107.2,28
27321,2.11,2.77,0.00,0.00,0.00,0.00,13.3,101.2,52.17,0,2182,2.288,54.8,107.2,28
27481,1.21,1.86,0.00,0.00,0.00,0.00,13.2,101.2,51.45,0,2186,1.996,54.8,107.2,28
27640,0.33,0.98,0.00,0.00,0.00,0.00,13.4,101.2,51.66,0,2204,1.840,54.8,107.2,32
27801,-0.55,0.11,0.00,0.00,0.00,0.00,13.5,101.2,52.74,0,2185,1.748,54.8,107.2,32
27961,-1.43,-0.77,0.00,0.00,0.00,0.00,13.3,101.2,53.06,0,2172,1.600,54.8,107.2,32
28160,0.00,0.00,0.00,0.00,0.00,0.00,13.4,101.2,52.23,0,2153,1.580,54.8,107.2,32
28320,0.00,0.00,0.00,0.00,0.00,0.00,13.5,101.2,51.07,0,2148,1.560,54.8,107.2,32
28481,0.00,0.00,0.00,0.00,0.00,0.00,13.4,101.2,51.94,0,2139,1.548,54.8,107.2,32
28640,0.00,0.00,0.00,0.00,0.00,0.00,13.2,101.2,52.25,0,2099,1.540,54.8,107.2,32
28801,0.00,0.00,0.00,0.00,0.00,0.00,13.0,101.2,51.87,0,2088,1.520,54.8,107.2,32
28961,0.00,0.00,0.00,0.00,0.00,0.00,13.0,101.2,52.23,0,2073,1.516,54.8,107.2,32
29163,0.00,0.00,0.00,0.00,0.00,0.00,13.2,100.5,52.21,0,2048,1.508,54.8,107.2,32
29361,0.00,0.00,0.00,0.00,0.00,0.00,13.0,100.5,52.21,0,1994,1.504,54.8,107.2,32
29561,0.00,0.00,0.00,0.00,0.00,0.00,13.1,100.5,51.11,0,1929,1.476,54.8,107.2,30
29721,0.00,0.00,0.00,0.00,0.00,0.00,13.3,101.2,49.71,0,1871,1.436,54.8,107.2,30
29921,0.00,0.00,0.00,0.00,0.00,0.00,13.3,101.2,47.08,0,1799,1.396,54.8,107.2,30
30121,0.00,0.00,0.00,0.00,0.00,0.00,13.4,100.5,46.07,0,1718,1.336,54.8,107.2,30
30281,0.00,0.00,0.00,0.00,0.00,0.00,13.4,100.5,43.99,0,1673,1.316,54.8,107.2,30
30441,0.00,0.00,0.00,0.00,0.00,0.00,13.4,100.5,43.61,0,1592,1.328,54.8,107.2,30
30601,0.00,0.00,0.00,0.00,0.00,0.00,13.1,101.2,43.93,0,1549,1.312,54.8,107.2,26
30761,0.00,0.00,0.00,0.00,0.00,0.00,13.1,101.2,45.75,0,1487,1.136,54.8,107.2,26
30921,0.00,0.00,0.00,0.00,0.00,0.00,13.3,101.2,46.64,0,1459,1.188,54.8,107.2,26
31082,0.00,0.00,0.00,0.00,0.00,0.00,13.4,101.2,47.55,0,1431,1.288,54.8,107.2,26
31281,0.00,0.00,0.00,0.00,0.00,0.00,13.3,100.5,49.90,0,1391,1.320,54.8,107.2,26
31441,0.00,0.00,0.00,0.00,0.00,0.00,13.4,100.5,54.03,0,1362,1.344,54.8,107.2,26
31601,2.12,2.09,0.00,0.00,0.00,0.00,13.5,100.5,82.77,0,1342,2.020,54.8,107.2,23
31761,2.64,2.60,0.00,0.00,0.00,0.00,13.4,100.5,133.62,0,1351,3.092,54.8,107.2,23
31923,3.20,3.17,0.00,0.00,0.00,0.00,13.3,100.5,158.59,0,1366,3.888,54.8,107.2,23
32120,4.00,3.97,0.00,0.00,0.00,0.00,13.5,100.5,203.04,0,1320,5.168,54.8,107.2,23
32280,4.84,4.81,0.00,0.00,0.00,0.00,13.5,100.5,215.88,0,1325,5.904,54.8,107.2,23
32441,5.55,5.76,0.00,0.00,0.00,0.00,13.3,100.5,215.61,0,1301,6.352,54.8,107.2,23
32602,5.55,6.77,0.00,0.00,0.00,0.00,13.3,100.5,217.90,0,1281,6.584,54.8,107.2,21
32761,5.55,6.96,0.00,0.00,0.00,0.00,13.5,100.5,220.10,0,1287,6.712,54.8,107.2,21
32961,5.55,6.96,0.00,0.00,0.00,0.00,13.4,100.5,218.41,0,1278,6.832,54.8,107.2,21
33121,5.55,6.96,0.00,0.00,0.00,0.00,13.3,100.5,217.60,0,1270,6.840,55.5,107.2,21
33281,2.76,6.96,0.00,0.00,0.00,0.00,13.2,100.5,217.35,0,1265,6.672,55.5,107.2,21
33441,3.69,4.65,0.00,0.00,0.00,0.00,13.4,100.5,211.94,0,1258,6.572,55.5,107.2,21
33602,4.72,3.62,0.00,0.00,0.00,0.00,13.5,100.5,207.58,0,1271,6.316,55.5,107.2,20
33801,5.90,5.30,0.00,0.00,0.00,0.00,13.3,100.5,77.64,0,1234,4.360,55.5,107.2,20
33961,5.90,5.30,0.00,0.00,0.00,0.00,13.3,100.5,62.04,0,1231,3.584,55.5,107.2,20
34121,0.00,0.00,0.00,0.00,0.00,0.00,13.4,100.5,65.24,0,1128,2.992,55.5,107.2,20
34322,0.00,0.00,0.00,0.00,0.00,0.00,12.9,100.5,110.29,0,919,3.068,55.5,107.2,20
34521,0.00,0.00,0.00,0.00,0.00,0.00,12.9,100.5,96.35,0,980,3.176,55.5,107.2,19
34681,0.00,0.00,0.00,0.00,0.00,0.00,13.0,100.5,82.70,0,1041,2.932,55.5,107.2,19
34841,0.00,0.00,0.00,0.00,0.00,0.00,13.2,100.5,59.84,0,1044,2.612,55.5,107.2,19
35000,-2.19,-2.29,0.00,0.00,0.00,0.00,13.1,100.5,59.52,0,1003,2.372,55.5,107.2,19
35161,-2.54,-2.63,0.00,0.00,0.00,0.00,12.9,99.8,74.12,0,918,2.252,55.5,107.2,19
35322,-2.83,-2.92,0.00,0.00,0.00,0.00,12.9,99.8,92.01,0,830,2.184,55.5,107.2,19
35522,-1.47,-1.39,0.00,0.00,0.00,0.00,12.8,99.8,111.93,0,732,2.416,55.5,107.2,16
35681,-1.25,-1.17,0.00,0.00,0.00,0.00,12.6,99.8,113.73,0,696,2.648,55.5,107.2,16
35842,-1.01,-0.94,0.00,0.00,0.00,0.00,12.5,99.8,105.74,0,696,2.776,55.5,107.2,16
36002,-0.72,-0.65,0.00,0.00,0.00,0.00,12.6,99.8,104.09,0,707,2.892,55.5,107.2,16
36201,-0.35,-0.28,0.00,0.00,0.00,0.00,12.7,99.8,103.85,0,722,2.944,55.5,107.2,16
36361,-0.06,0.01,0.00,0.00,0.00,0.00,12.6,99.8,104.76,0,729,2.964,55.5,107.2,16
36562,0.30,0.38,0.00,0.00,0.00,0.00,12.6,99.8,99.59,0,739,2.992,55.5,107.2,15
36761,0.67,0.74,0.00,0.00,0.00,0.00,12.7,99.8,99.72,0,752,2.960,55.5,107.2,15
36961,1.04,1.11,0.00,0.00,0.00,0.00,12.6,99.8,97.60,0,754,2.940,55.5,107.2,15
37161,1.40,1.48,0.00,0.00,0.00,0.00,12.6,99.8,98.66,0,746,2.924,55.5,107.2,15
37361,1.77,1.84,0.00,0.00,0.00,0.00,12.8,99.8,99.04,0,743,2.924,55.5,107.2,15
37521,2.06,2.14,0.00,0.00,0.00,0.00,12.8,99.8,99.72,0,738,2.936,55.5,107.2,15
37681,2.36,2.43,0.00,0.00,0.00,0.00,12.7,99.8,99.59,0,739,2.944,55.5,107.2,15
37841,2.65,2.72,0.00,0.00,0.00,0.00,12.7,99.8,99.04,0,743,2.948,55.5,107.2,15
38001,2.94,3.01,0.00,0.00,0.00,0.00,12.8,99.8,99.19,0,742,2.960,55.5,107.2,15
38161,3.23,3.31,0.00,0.00,0.00,0.00,12.9,99.8,99.59,0,739,2.968,55.5,107.2,15
38323,3.53,3.60,0.00,0.00,0.00,0.00,12.9,99.8,100.55,0,732,2.944,55.5,107.2,15
38521,3.89,3.97,0.00,0.00,0.00,0.00,12.9,99.8,101.10,0,728,2.976,55.5,107.2,11
38681,4.19,4.26,0.00,0.00,0.00,0.00,12.9,99.8,102.22,0,720,3.004,55.5,107.2,11
38842,4.48,4.55,0.00,0.00,0.00,0.00,12.9,99.8,102.64,0,717,3.036,55.5,107.2,11
39001,4.77,4.85,0.00,0.00,0.00,0.00,12.9,99.8,102.79,0,716,3.072,55.5,107.2,11
39161,5.07,5.14,0.00,0.00,0.00,0.00,13.0,99.0,102.79,0,716,3.092,55.5,107.2,11
39321,5.36,5.43,0.00,0.00,0.00,0.00,13.0,99.0,101.37,0,726,3.100,55.5,107.2,11
39521,5.72,5.80,0.00,0.00,0.00,0.00,13.2,99.0,99.44,0,740,3.124,55.5,107.2,4
39680,6.02,6.09,0.00,0.00,0.00,0.00,13.4,99.0,98.91,0,744,3.104,55.5,107.2,4
39842,6.31,6.38,0.00,0.00,0.00,0.00,13.4,99.0,98.26,0,749,3.096,55.5,107.2,4
40042,6.68,6.75,0.00,0.00,0.00,0.00,13.4,99.0,97.73,0,753,3.088,55.5,107.2,4
40242,7.04,7.12,0.00,0.00,0.00,0.00,13.4,99.0,96.97,0,759,3.068,55.5,107.2,4
40441,7.41,7.48,0.00,0.00,0.00,0.00,13.4,99.0,96.71,0,761,3.052,55.5,107.2,4
40601,7.70,7.78,0.00,0.00,0.00,0.00,13.4,99.0,94.89,0,761,3.044,55.5,107.2,0
40763,7.99,8.07,0.00,0.00,0.00,0.00,13.4,99.0,95.38,0,757,3.024,55.5,107.2,0
40961,8.36,8.43,0.00,0.00,0.00,0.00,13.4,99.0,96.71,0,761,3.024,55.5,107.2,0
41161,8.65,8.73,0.00,0.00,0.00,0.00,13.4,99.0,95.38,0,757,3.020,55.5,107.2,0
41321,8.87,8.95,0.00,0.00,0.00,0.00,13.4,99.0,96.14,0,751,3.020,55.5,107.2,0
41521,9.15,9.22,0.00,0.00,0.00,0.00,13.4,99.0,96.39,0,749,3.028,55.5,107.2,0
41681,9.37,9.44,0.00,0.00,0.00,0.00,13.4,99.0,96.39,0,749,3.036,55.5,107.2,0
41881,9.64,9.72,0.00,0.00,0.00,0.00,13.5,99.0,95.38,0,757,3.044,55.5,107.2,0
42041,9.86,9.94,0.00,0.00,0.00,0.00,13.4,99.0,93.07,0,761,3.032,56.2,107.2,0
42202,10.08,10.16,0.00,0.00,0.00,0.00,13.4,99.0,92.22,0,768,3.040,56.2,107.2,0
42361,10.30,10.38,0.00,0.00,0.00,0.00,13.4,99.0,91.86,0,771,3.008,56.2,107.2,0
42521,10.52,10.60,0.00,0.00,0.00,0.00,13.4,99.0,91.50,0,774,2.984,55.5,107.2,0
42680,10.74,10.81,0.00,0.00,0.00,0.00,13.5,99.0,90.29,0,769,2.960,55.5,107.2,0
42841,10.96,11.03,0.00,0.00,0.00,0.00,13.5,99.0,90.40,0,768,2.952,55.5,107.2,0
43002,11.18,11.25,0.00,0.00,0.00,0.00,13.5,99.0,90.52,0,767,2.916,56.2,107.2,0
43162,11.40,11.47,0.00,0.00,0.00,0.00,13.5,99.0,91.48,0,759,2.924,56.2,107.2,0
43323,11.62,11.69,0.00,0.00,0.00,0.00,13.5,99.0,92.07,0,754,2.932,56.2,107.2,0
43520,11.90,11.97,0.00,0.00,0.00,0.00,13.4,99.0,90.35,0,753,2.940,56.2,107.2,0
43681,12.11,12.19,0.00,0.00,0.00,0.00,13.5,99.0,90.59,0,751,2.952,56.2,107.2,0
43842,12.33,12.41,0.00,0.00,0.00,0.00,13.4,99.0,90.23,0,754,2.952,56.2,107.2,0
44002,12.55,12.63,0.00,0.00,0.00,0.00,13.4,99.0,90.35,0,753,2.956,56.2,107.2,0
44201,12.83,12.90,0.00,0.00,0.00,0.00,13.4,98.2,90.59,0,751,2.956,56.2,107.2,0
44361,13.05,13.12,0.00,0.00,0.00,0.00,13.4,98.2,90.71,0,750,2.960,56.2,107.2,0
44521,13.27,13.34,0.00,0.00,0.00,0.00,13.5,98.2,90.71,0,750,2.968,56.2,107.2,0
44682,13.49,13.56,0.00,0.00,0.00,0.00,13.4,98.2,88.98,0,749,2.960,56.2,107.2,0
44843,13.71,13.78,0.00,0.00,0.00,0.00,13.5,98.2,88.87,0,750,2.948,56.2,107.2,0
45040,13.98,14.06,0.00,0.00,0.00,0.00,13.5,98.2,88.87,0,750,2.940,56.2,107.2,0
